<?xml version="1.0" encoding="UTF-8"?>
<root>
  <item name="com.miguan.pick.core.widget.radius.Corner">
    <annotation name="android.support.annotation.IntDef">
      <val name="value" val="{com.miguan.pick.core.widget.radius.Corner.TOP_LEFT, com.miguan.pick.core.widget.radius.Corner.TOP_RIGHT, com.miguan.pick.core.widget.radius.Corner.BOTTOM_LEFT, com.miguan.pick.core.widget.radius.Corner.BOTTOM_RIGHT}" />
    </annotation>
  </item>
  <item name="com.miguan.pick.core.widget.radius.RadiusDrawable com.miguan.pick.core.widget.radius.RadiusDrawable setCornerRadius(int, float) 0">
    <annotation name="android.support.annotation.IntDef">
      <val name="value" val="{com.miguan.pick.core.widget.radius.Corner.TOP_LEFT, com.miguan.pick.core.widget.radius.Corner.TOP_RIGHT, com.miguan.pick.core.widget.radius.Corner.BOTTOM_LEFT, com.miguan.pick.core.widget.radius.Corner.BOTTOM_RIGHT}" />
    </annotation>
  </item>
  <item name="com.miguan.pick.core.widget.radius.RadiusDrawable float getCornerRadius(int) 0">
    <annotation name="android.support.annotation.IntDef">
      <val name="value" val="{com.miguan.pick.core.widget.radius.Corner.TOP_LEFT, com.miguan.pick.core.widget.radius.Corner.TOP_RIGHT, com.miguan.pick.core.widget.radius.Corner.BOTTOM_LEFT, com.miguan.pick.core.widget.radius.Corner.BOTTOM_RIGHT}" />
    </annotation>
  </item>
  <item name="com.miguan.pick.core.widget.radius.RadiusImageView float getCornerRadius(int) 0">
    <annotation name="android.support.annotation.IntDef">
      <val name="value" val="{com.miguan.pick.core.widget.radius.Corner.TOP_LEFT, com.miguan.pick.core.widget.radius.Corner.TOP_RIGHT, com.miguan.pick.core.widget.radius.Corner.BOTTOM_LEFT, com.miguan.pick.core.widget.radius.Corner.BOTTOM_RIGHT}" />
    </annotation>
  </item>
  <item name="com.miguan.pick.core.widget.radius.RadiusImageView void setCornerRadius(int, float) 0">
    <annotation name="android.support.annotation.IntDef">
      <val name="value" val="{com.miguan.pick.core.widget.radius.Corner.TOP_LEFT, com.miguan.pick.core.widget.radius.Corner.TOP_RIGHT, com.miguan.pick.core.widget.radius.Corner.BOTTOM_LEFT, com.miguan.pick.core.widget.radius.Corner.BOTTOM_RIGHT}" />
    </annotation>
  </item>
  <item name="com.miguan.pick.core.widget.radius.RadiusImageView void setCornerRadiusDimen(int, int) 0">
    <annotation name="android.support.annotation.IntDef">
      <val name="value" val="{com.miguan.pick.core.widget.radius.Corner.TOP_LEFT, com.miguan.pick.core.widget.radius.Corner.TOP_RIGHT, com.miguan.pick.core.widget.radius.Corner.BOTTOM_LEFT, com.miguan.pick.core.widget.radius.Corner.BOTTOM_RIGHT}" />
    </annotation>
  </item>
</root>

